N,ln_N,G_N,HL_N,delta
4,1.386294,1,1.834,-0.454737
104,4.644391,5,4.667,0.071357
204,5.31812,14,18.1491,-0.228614
304,5.717028,10,8.7045,0.148831
404,6.001415,11,9.8837,0.112945
504,6.222576,27,37.7502,-0.284772
604,6.403574,14,12.9789,0.078676
704,6.556778,18,16.1942,0.111511
804,6.689599,32,42.2153,-0.24198
904,6.806829,17,17.1919,-0.011162
1004,6.911747,18,18.5184,-0.027993
1104,7.006695,44,52.8392,-0.167285
1204,7.093405,28,26.0242,0.075921
1304,7.173192,24,22.3305,0.074765
1404,7.247081,48,69.0033,-0.304381
1504,7.315884,27,24.7605,0.090447
1604,7.380256,23,25.9482,-0.113617
1704,7.440734,55,72.3189,-0.239479
1804,7.497762,31,31.7351,-0.023165
1904,7.551712,36,38.8835,-0.074157
2004,7.6029,59,81.4616,-0.275732
2104,7.651596,35,31.6655,0.105303
2204,7.698029,32,34.8068,-0.080638
2304,7.742402,68,90.3118,-0.247053
2404,7.784889,36,34.9522,0.029978
2504,7.825645,32,36.0279,-0.1118
2604,7.864804,91,122.0941,-0.254673
2704,7.902487,43,41.9121,0.025958
2804,7.938802,34,39.2024,-0.132707
2904,7.973844,91,120.4473,-0.244483
3004,8.0077,41,41.279,-0.006759
3104,8.040447,42,42.3064,-0.007243
3204,8.072155,83,115.5386,-0.281625
3304,8.102889,56,54.7294,0.023216
3404,8.132706,49,45.3486,0.080517
3504,8.16166,88,123.6006,-0.28803
3604,8.1898,49,50.7004,-0.033539
3704,8.217169,48,48.3361,-0.006953
3804,8.243808,92,131.522,-0.300497
3904,8.269757,52,50.3001,0.033794
4004,8.295049,72,78.0287,-0.077262
4104,8.319717,104,147.9687,-0.297149
4204,8.343792,50,53.2085,-0.0603
4304,8.3673,56,54.1685,0.033812
4404,8.390268,113,146.9973,-0.231278
4504,8.412721,58,56.0751,0.034327
4604,8.434681,55,57.0221,-0.035461
4704,8.456168,131,190.7873,-0.313371
4804,8.477204,61,58.9037,0.035588
4904,8.497806,58,59.8386,-0.030727
5004,8.517993,121,162.0528,-0.25333
5104,8.53778,72,69.2449,0.039787
5204,8.557183,58,62.6211,-0.073794
5304,8.576217,140,199.3284,-0.297642
5404,8.594895,75,79.56,-0.057315
5504,8.61323,62,65.3719,-0.051581
5604,8.631236,132,176.7526,-0.253193
5704,8.648923,72,67.1893,0.071598
5804,8.666303,68,68.0933,-0.001371
5904,8.683385,134,183.9848,-0.271679
6004,8.700181,73,74.2327,-0.016606
6104,8.7167,84,87.3717,-0.038591
6204,8.73295,161,214.5289,-0.249518
6304,8.74894,82,72.5689,0.129961
6404,8.764678,77,73.4555,0.048254
6504,8.780173,140,198.2385,-0.29378
6604,8.795431,89,82.6329,0.077053
6704,8.81046,77,76.0995,0.011833
6804,8.825266,183,253.36,-0.277708
6904,8.839856,76,77.8494,-0.023756
7004,8.854237,83,84.298,-0.015398
7104,8.868413,159,212.2388,-0.250844
7204,8.882392,75,80.4561,-0.067814
7304,8.896177,86,91.2685,-0.057726
7404,8.909776,151,219.1526,-0.310982
7504,8.923191,98,102.4974,-0.043879
7604,8.93643,76,83.8994,-0.094153
7704,8.949495,169,226.0127,-0.252255
7804,8.962392,85,85.608,-0.007102
7904,8.975124,94,100.877,-0.068172
8004,8.987697,178,232.822,-0.235467
8104,9.000113,85,88.1553,-0.035793
8204,9.012377,102,109.8519,-0.071477
8304,9.024493,180,239.5827,-0.248694
8404,9.036463,97,101.7786,-0.046951
8504,9.048292,90,91.524,-0.016651
8604,9.059982,185,246.2971,-0.248875
8704,9.071538,97,99.8,-0.028056
8804,9.082961,92,94.0308,-0.021597
8904,9.094256,218,312.234,-0.301806
9004,9.105424,95,95.693,-0.007242
9104,9.116469,100,96.5215,0.036039
9204,9.127393,215,285.1752,-0.246078
9304,9.1382,87,98.1733,-0.113812
9404,9.14889,85,98.9967,-0.141386
9504,9.159468,209,298.7459,-0.300409
9604,9.169935,127,124.2168,0.022406
9704,9.180293,98,101.4571,-0.034075
9804,9.190546,205,289.668,-0.292293
9904,9.200694,102,103.0895,-0.010568
10004,9.21074,99,103.9034,-0.047191
10104,9.220687,201,279.2418,-0.280194
10204,9.230535,101,105.5265,-0.042895
10304,9.240287,130,131.2489,-0.009515
10404,9.249946,215,305.9597,-0.297293
10504,9.259511,122,118.5874,0.028777
10604,9.268987,107,122.0597,-0.12338
10704,9.278373,212,292.1569,-0.274363
10804,9.287672,112,110.361,0.014851
10904,9.296885,112,111.1619,0.00754
11004,9.306014,240,368.5128,-0.348734
11104,9.315061,110,112.7595,-0.024472
11204,9.324026,108,113.5563,-0.04893
11304,9.332912,218,304.938,-0.2851
11404,9.341719,109,115.1459,-0.053375
11504,9.35045,105,115.9388,-0.09435
11604,9.359105,218,311.2811,-0.299668
11704,9.367686,153,172.9094,-0.115144
11804,9.376194,121,129.9679,-0.069001
11904,9.38463,226,317.594,-0.2884
12004,9.392995,112,119.8844,-0.065767
12104,9.401291,118,129.2193,-0.086824
12204,9.409519,226,323.8777,-0.302206
12304,9.41768,115,122.2372,-0.059206
12404,9.425774,135,151.8407,-0.110911
12504,9.433804,229,330.133,-0.30634
12604,9.44177,125,124.5795,0.003375
12704,9.449672,112,125.358,-0.106559
12804,9.457513,268,377.5094,-0.290084
12904,9.465293,127,126.9116,0.000697
13004,9.473012,128,127.6867,0.002454
13104,9.480673,313,464.4832,-0.326133
13204,9.488275,120,129.2337,-0.07145
13304,9.49582,122,130.0057,-0.061579
13404,9.503308,256,348.7373,-0.265923
13504,9.510741,133,131.5463,0.011051
13604,9.518119,132,140.532,-0.060712
13704,9.525443,251,354.8875,-0.292734
13804,9.532714,168,176.9135,-0.050383
13904,9.539932,138,151.0833,-0.086597
14004,9.547098,246,361.0131,-0.318584
14104,9.554214,143,136.1436,0.050361
14204,9.561279,137,136.9064,0.000684
14304,9.568294,255,367.115,-0.305395
14404,9.575261,137,152.0694,-0.099096
14504,9.58218,158,171.7987,-0.080319
14604,9.589051,259,373.1937,-0.30599
14704,9.595875,135,140.7056,-0.04055
14804,9.602653,127,141.4626,-0.102236
14904,9.609385,285,379.2498,-0.248516
15004,9.616072,155,160.4645,-0.034054
15104,9.622715,142,143.7281,-0.012023
15204,9.629314,325,475.5504,-0.316581
15304,9.63587,140,145.2339,-0.036038
15404,9.642382,134,145.9855,-0.082101
15504,9.648853,309,445.0416,-0.305683
15604,9.655283,148,147.486,0.003485
15704,9.661671,151,162.8418,-0.072719
15804,9.668018,289,397.2883,-0.272569
15904,9.674326,171,184.8101,-0.074726
16004,9.680594,143,150.4768,-0.049687
16104,9.686823,331,452.5921,-0.268657
16204,9.693013,150,151.9671,-0.012944
16304,9.699166,148,152.711,-0.030849
16404,9.70528,303,409.211,-0.259551
16504,9.711358,144,154.1964,-0.066126
16604,9.717399,163,191.2376,-0.147657
16704,9.723403,300,415.1428,-0.277357
16804,9.729372,148,156.4185,-0.05382
16904,9.735306,136,157.1576,-0.134626
17004,9.741204,319,462.5456,-0.310338
17104,9.747068,155,158.6334,-0.022904
17204,9.752897,189,191.5393,-0.013257
17304,9.758693,360,526.9781,-0.31686
17404,9.764455,166,170.83,-0.028274
17504,9.770185,154,161.5759,-0.046888
17604,9.775881,312,432.8258,-0.279156
17704,9.781546,151,163.0427,-0.073862
17804,9.787178,148,163.775,-0.096321
17904,9.792779,317,438.684,-0.277384
18004,9.798349,186,203.9501,-0.088012
18104,9.803888,168,165.9674,0.012247
18204,9.809397,339,444.5247,-0.237388
18304,9.814875,186,206.4233,-0.098939
18404,9.820323,162,168.1534,-0.036594
18504,9.825742,324,450.3483,-0.280557
18604,9.831132,159,169.6072,-0.06254
18704,9.836493,205,210.2396,-0.024922
18804,9.841825,329,456.1552,-0.278754
18904,9.847129,186,183.9534,0.011125
19004,9.852405,163,172.5065,-0.055108
19104,9.857653,320,461.9457,-0.307278
19204,9.862874,168,173.9521,-0.034217
19304,9.868068,165,185.5214,-0.110615
19404,9.873235,437,647.924,-0.325538
19504,9.878375,178,176.1155,0.0107
19604,9.883489,181,194.2603,-0.068261
19704,9.888577,332,473.4787,-0.298807
19804,9.893639,167,178.2731,-0.063235
19904,9.898676,161,178.991,-0.100513
20004,9.903688,337,479.2219,-0.296777
20104,9.908674,203,222.6958,-0.088443
20204,9.913636,173,181.1408,-0.044942
20304,9.918573,342,484.9499,-0.294773
20404,9.923486,174,182.571,-0.046946
20504,9.928375,184,205.7072,-0.105525
20604,9.933241,374,525.4263,-0.288197
20704,9.938082,166,184.7115,-0.101301
20804,9.942901,195,228.866,-0.147973
20904,9.947696,390,545.2719,-0.28476
21004,9.952468,191,186.8467,0.022229
21104,9.957218,173,187.5572,-0.077615
21204,9.961945,385,533.2235,-0.277976
21304,9.96665,179,188.9764,-0.052792
21404,9.971333,175,189.6852,-0.077419
21504,9.975994,430,626.6662,-0.313829
21604,9.980634,209,214.4792,-0.025547
21704,9.985252,178,191.808,-0.071989
21804,9.989849,369,513.3718,-0.281223
21904,9.994425,184,193.2203,-0.047719
22004,9.99898,181,193.9256,-0.066653
22104,10.003514,363,519.0144,-0.300597
22204,10.008028,252,264.856,-0.04854
22304,10.012521,207,209.9275,-0.013945
22404,10.016995,373,524.6436,-0.289041
22504,10.021448,199,197.4439,0.007881
22604,10.025882,187,198.1459,-0.056251
22704,10.030296,417,595.1286,-0.299311
22804,10.034691,186,199.5483,-0.067895
22904,10.039067,209,247.164,-0.154408
23004,10.043423,387,535.8627,-0.2778
23104,10.047761,205,214.1705,-0.042819
23204,10.05208,176,202.3466,-0.130205
23304,10.05638,383,541.453,-0.292644
23404,10.060662,200,203.7426,-0.018369
23504,10.064926,207,224.5849,-0.0783
23604,10.069171,462,675.1924,-0.315751
23704,10.073399,197,205.8328,-0.042912
23804,10.077609,210,231.794,-0.094023
23904,10.081801,393,552.5963,-0.288812
24004,10.085976,211,222.6492,-0.052321
24104,10.090133,205,208.6125,-0.017317
24204,10.094273,404,558.1497,-0.27618
24304,10.098396,243,259.1992,-0.062497
24404,10.102502,196,210.692,-0.069732
24504,10.106592,408,563.6912,-0.276199
24604,10.110664,196,212.0759,-0.075803
24704,10.11472,202,212.7671,-0.050605
24804,10.11876,439,625.3106,-0.297949
24904,10.122784,219,240.3457,-0.088813
25004,10.126791,258,281.6388,-0.083933
25104,10.130782,381,574.7389,-0.33709
25204,10.134758,204,216.2159,-0.056499
25304,10.138718,207,216.9042,-0.045662
25404,10.142662,433,580.2456,-0.253764
25504,10.146591,210,218.2795,-0.037931
25604,10.150504,207,218.9664,-0.05465
25704,10.154402,513,774.1942,-0.337376
25804,10.158285,208,220.3389,-0.056
25904,10.162153,199,221.0245,-0.099647
26004,10.166006,462,663.5527,-0.303748
26104,10.169844,231,244.3084,-0.054474
26204,10.173667,208,223.0784,-0.067592
26304,10.177476,412,596.699,-0.309535
26404,10.181271,263,277.0297,-0.050643
26504,10.185051,209,225.1282,-0.07164
26604,10.188817,424,602.1617,-0.29587
26704,10.192569,221,226.4926,-0.024251
26804,10.196306,220,227.1741,-0.03158
26904,10.20003,466,645.3476,-0.277909
27004,10.20374,213,228.5358,-0.06798
27104,10.207437,280,317.5287,-0.11819
27204,10.211119,434,613.0554,-0.292071
27304,10.214788,225,230.5751,-0.024179
27404,10.218444,249,272.0401,-0.084694
27504,10.222087,434,618.4868,-0.298287
27604,10.225716,220,232.6106,-0.054213
27704,10.229332,213,233.2883,-0.086966
27804,10.232935,531,770.0807,-0.310462
27904,10.236525,219,234.6423,-0.066664
28004,10.240103,231,235.3187,-0.018352
28104,10.243667,434,629.3191,-0.310366
28204,10.247219,251,265.6231,-0.055052
28304,10.250758,235,237.3454,-0.009882
28404,10.254285,441,634.7203,-0.305206
28504,10.2578,266,294.6172,-0.097133
28604,10.261302,217,239.3684,-0.093448
28704,10.264792,523,703.187,-0.256243
28804,10.26827,240,255.6638,-0.061267
28904,10.271735,227,241.3878,-0.059604
29004,10.275189,451,645.4936,-0.30131
29104,10.278631,244,259.9295,-0.061284
29204,10.282061,273,300.4295,-0.091301
29304,10.285479,515,730.4892,-0.294993
29404,10.288886,251,244.7455,0.025555
29504,10.292281,227,245.4158,-0.075039
29604,10.295665,459,656.2288,-0.300549
29704,10.299037,231,246.7554,-0.06385
29804,10.302398,225,247.4246,-0.090632
29904,10.305748,554,816.5817,-0.321562
30004,10.309086,258,273.2743,-0.055894
30104,10.312413,243,249.4299,-0.025778
30204,10.31573,462,666.9269,-0.30727
30304,10.319035,233,250.7649,-0.070843
30404,10.322329,256,282.1906,-0.092812
30504,10.325613,493,672.2623,-0.266655
30604,10.328886,284,311.9837,-0.089696
30704,10.332148,242,269.1688,-0.100936
30804,10.3354,496,725.5958,-0.316424
30904,10.338641,234,254.7609,-0.081492
31004,10.341872,245,255.4256,-0.040817
31104,10.345092,474,682.9065,-0.305908
31204,10.348302,245,256.7539,-0.045779
31304,10.351501,326,349.0349,-0.065996
31404,10.354691,487,688.2154,-0.292373
31504,10.35787,266,290.3969,-0.084012
31604,10.361039,232,259.4062,-0.10565
31704,10.364198,490,693.5157,-0.293455
31804,10.367347,234,260.7302,-0.102521
31904,10.370487,251,261.3917,-0.039755
32004,10.373616,599,862.5282,-0.30553
32104,10.376736,240,262.7136,-0.086458
32204,10.379846,254,263.374,-0.035592
32304,10.382946,488,704.0909,-0.306908
32404,10.386037,257,264.6938,-0.029067
32504,10.389118,262,284.1534,-0.077963
32604,10.39219,619,928.9103,-0.333628
32704,10.395253,312,329.1482,-0.052099
32804,10.398306,250,267.3293,-0.064824
32904,10.40135,491,714.6329,-0.312934
33004,10.404384,262,268.645,-0.024735
33104,10.407409,243,269.3023,-0.097668
33204,10.410426,503,719.8916,-0.301284
33304,10.413433,260,270.616,-0.039229
33404,10.416431,301,334.8276,-0.10103
33504,10.41942,508,725.1423,-0.299448
33604,10.4224,266,272.584,-0.024154
33704,10.425372,277,306.666,-0.096737
33804,10.428334,513,730.385,-0.297631
33904,10.431288,297,301.6025,-0.01526
34004,10.434233,249,275.2034,-0.095215
34104,10.43717,629,907.9652,-0.307242
34204,10.440098,268,296.1019,-0.094906
34304,10.443017,255,277.1646,-0.079969
34404,10.445928,545,740.847,-0.264356
34504,10.448831,297,295.7639,0.00418
34604,10.451725,272,279.1228,-0.025519
34704,10.45461,515,746.0665,-0.309713
34804,10.457488,372,388.4699,-0.042397
34904,10.460357,264,281.0782,-0.06076
35004,10.463218,529,751.2783,-0.295867
35104,10.46607,267,282.3802,-0.054466
35204,10.468915,281,310.92,-0.09623
35304,10.471752,538,756.4826,-0.288814
35404,10.47458,263,284.3309,-0.075021
35504,10.477401,319,351.7473,-0.093099
35604,10.480213,575,761.6794,-0.245089
35704,10.483018,257,286.2788,-0.102274
35804,10.485815,273,286.9275,-0.04854
35904,10.488604,622,921.6626,-0.325133
36004,10.491385,274,288.2239,-0.04935
36104,10.494159,264,288.8717,-0.086099
36204,10.496925,644,952.9317,-0.324191
36304,10.499683,270,290.1663,-0.069499
36404,10.502434,280,308.8732,-0.093479
36504,10.505177,583,853.8123,-0.31718
36604,10.507913,279,292.1061,-0.044867
36704,10.510641,292,292.752,-0.002569
36804,10.513362,564,782.3939,-0.279136
36904,10.516075,314,362.9332,-0.134827
37004,10.518781,313,330.7387,-0.053634
37104,10.52148,558,787.5547,-0.291478
37204,10.524172,287,295.9775,-0.030332
37304,10.526856,266,296.6218,-0.103235
37404,10.529533,562,792.7085,-0.291038
37504,10.532203,287,297.9093,-0.03662
37604,10.534866,362,394.6074,-0.082632
37704,10.537521,565,797.8553,-0.291852
37804,10.54017,316,329.384,-0.040633
37904,10.542812,294,300.481,-0.021569
38004,10.545447,560,802.9953,-0.302611
38104,10.548075,303,338.6815,-0.105354
38204,10.550696,293,302.4068,-0.031107
38304,10.55331,706,1059.4055,-0.333589
38404,10.555917,282,303.6893,-0.071419
38504,10.558517,288,304.3301,-0.053659
38604,10.561111,555,813.255,-0.317557
38704,10.563698,306,305.6109,0.001273
38804,10.566279,288,306.2509,-0.059594
38904,10.568852,575,818.3748,-0.297388
39004,10.571419,342,379.5799,-0.099004
39104,10.57398,318,338.5355,-0.06066
39204,10.576534,642,924.229,-0.305367
39304,10.579082,313,331.3708,-0.055439
39404,10.581623,282,310.085,-0.090572
39504,10.584157,567,828.5948,-0.315709
39604,10.586685,295,311.3608,-0.052546
39704,10.589207,350,385.0951,-0.091134
39804,10.591723,605,833.695,-0.274315
39904,10.594232,302,313.2726,-0.035983
40004,10.596735,305,313.9093,-0.028382
40104,10.599231,599,838.7888,-0.285875
40204,10.601722,312,334.7553,-0.067976
40304,10.604206,316,354.4533,-0.108486
40404,10.606684,764,1144.2199,-0.332296
40504,10.609156,304,317.089,-0.041279
40604,10.611622,300,317.7242,-0.055785
40704,10.614082,610,848.9574,-0.281472
40804,10.616535,309,318.9937,-0.031329
40904,10.618983,293,319.628,-0.083309
41004,10.621425,644,914.5403,-0.295821
41104,10.623861,361,396.0773,-0.088562
41204,10.626291,299,321.5296,-0.07007
41304,10.628715,589,859.1011,-0.3144
41404,10.631133,337,362.2851,-0.069793
41504,10.633545,301,323.4288,-0.069347
41604,10.635952,593,864.1638,-0.313787
41704,10.638352,325,356.6884,-0.08884
41804,10.640747,351,401.545,-0.125876
41904,10.643137,599,869.2204,-0.310877
42004,10.64552,306,326.5892,-0.063043
42104,10.647898,325,347.5415,-0.06486
42204,10.65027,589,874.2709,-0.326296
42304,10.652637,306,328.4824,-0.068443
42404,10.654998,302,329.113,-0.082382
42504,10.657353,864,1218.0994,-0.290698
42604,10.659703,312,330.3734,-0.055614
42704,10.662048,330,354.4547,-0.068992
42804,10.664387,657,884.3542,-0.257085
42904,10.66672,316,332.2622,-0.048944
43004,10.669048,327,365.6937,-0.105809
43104,10.671371,618,889.3871,-0.305139
43204,10.673688,373,412.4351,-0.095615
43304,10.676,294,334.7771,-0.121804
43404,10.678307,612,894.4141,-0.315753
43504,10.680608,301,336.0332,-0.104255
43604,10.682904,346,377.8461,-0.084283
43704,10.685195,634,899.4354,-0.295113
43804,10.68748,328,337.9155,-0.029343
43904,10.689761,373,417.858,-0.107352
44004,10.692036,668,960.6188,-0.304615
44104,10.694306,327,339.7956,-0.037657
44204,10.696571,308,340.4218,-0.09524
44304,10.69883,708,999.0772,-0.291346
44404,10.701085,332,365.8811,-0.092601
44504,10.703334,321,342.2991,-0.062224
44604,10.705579,765,1128.7113,-0.322236
44704,10.707818,365,385.5775,-0.053368
44804,10.710053,349,344.1744,0.014021
44904,10.712282,640,919.4639,-0.303942
45004,10.714507,323,345.4234,-0.064916
45104,10.716726,322,346.0475,-0.069492
45204,10.718941,643,924.4572,-0.304457
45304,10.721151,397,428.6614,-0.073861
45404,10.723355,324,347.9186,-0.068748
45504,10.725556,626,929.4449,-0.32648
45604,10.727751,352,383.5708,-0.082308
45704,10.729941,325,349.7877,-0.070865
45804,10.732127,714,1048.7399,-0.319183
45904,10.734308,331,372.8323,-0.112201
46004,10.736484,402,434.0424,-0.073823
46104,10.738655,713,1005.9607,-0.291225
46204,10.740822,324,352.8983,-0.081888
46304,10.742984,329,353.5197,-0.069359
46404,10.745141,657,944.3758,-0.304302
46504,10.747294,315,354.7619,-0.112081
46604,10.749442,330,355.3827,-0.071424
46704,10.751585,789,1171.7595,-0.326654
46804,10.753724,326,356.6237,-0.085871
46904,10.755858,417,440.4555,-0.053253
47004,10.757988,641,954.3032,-0.328306
47104,10.760113,351,358.4834,-0.020875
47204,10.762234,311,359.1029,-0.133953
47304,10.76435,683,959.2591,-0.287992
47404,10.766462,409,444.764,-0.080411
47504,10.768569,328,360.96,-0.091312
47604,10.770672,675,964.2098,-0.299945
47704,10.772771,354,362.1971,-0.022632
47804,10.774865,394,412.6484,-0.045192
47904,10.776954,672,969.1553,-0.306613
48004,10.77904,364,408.587,-0.109125
48104,10.781121,396,450.1052,-0.120206
48204,10.783197,735,1070.081,-0.313136
48304,10.78527,341,365.903,-0.068059
48404,10.787338,334,366.52,-0.088726
48504,10.789402,714,979.0312,-0.270708
48604,10.791461,361,367.7532,-0.018363
48704,10.793516,352,368.3695,-0.044438
48804,10.795568,835,1214.4897,-0.312468
48904,10.797614,334,369.6015,-0.096324
49004,10.799657,334,370.2172,-0.097827
49104,10.801696,775,1109.862,-0.301715
49204,10.80373,341,371.4479,-0.081971
49304,10.80576,346,372.063,-0.07005
49404,10.807787,730,993.8075,-0.265451
49504,10.809809,471,542.0114,-0.131015
49604,10.811827,350,373.9069,-0.063938
49704,10.813841,725,1060.7454,-0.316518
49804,10.815851,347,375.1352,-0.075
49904,10.817856,350,375.749,-0.068527
50004,10.819858,693,1003.6338,-0.309509
50104,10.821856,339,376.9761,-0.100739
50204,10.82385,473,523.0675,-0.095719
50304,10.82584,688,1008.5397,-0.317826
50404,10.827826,353,378.8152,-0.068147
50504,10.829808,349,379.4279,-0.080194
50604,10.831786,690,1013.4408,-0.319151
50704,10.83376,354,380.6525,-0.070018
50804,10.83573,367,418.8336,-0.123757
50904,10.837697,850,1256.919,-0.323743
51004,10.839659,360,382.4881,-0.058794
51104,10.841618,363,383.0995,-0.052466
51204,10.843573,750,1095.7242,-0.315521
51304,10.845524,396,431.3377,-0.081926
51404,10.847471,358,384.9327,-0.069967
51504,10.849415,779,1028.1158,-0.242303
51604,10.851354,454,506.2234,-0.103163
51704,10.85329,378,386.7642,-0.02266
51804,10.855223,710,1032.9981,-0.31268
51904,10.857151,363,387.9842,-0.064395
52004,10.859076,365,388.5939,-0.060716
52104,10.860997,791,1140.1457,-0.306229
52204,10.862914,383,389.8127,-0.017477
52304,10.864828,439,481.8921,-0.089008
52404,10.866738,787,1170.3129,-0.32753
52504,10.868645,348,391.6396,-0.111428
52604,10.870547,361,392.2481,-0.079664
52704,10.872447,721,1047.6174,-0.311772
52804,10.874342,369,393.4647,-0.062178
52904,10.876234,382,421.9926,-0.094771
53004,10.878123,874,1299.0627,-0.327207
53104,10.880008,373,395.2881,-0.056385
53204,10.881889,383,395.8956,-0.032573
53304,10.883767,730,1057.3409,-0.309589
53404,10.885641,396,436.2403,-0.092243
53504,10.887512,424,474.0916,-0.105658
53604,10.889379,745,1062.196,-0.298623
53704,10.891243,428,492.3936,-0.130777
53804,10.893103,366,399.5363,-0.083938
53904,10.89496,738,1067.0466,-0.308371
54004,10.896813,398,400.7484,-0.006858
54104,10.898663,371,401.3542,-0.07563
54204,10.90051,735,1071.8929,-0.314297
54304,10.902353,370,402.5652,-0.080894
54404,10.904193,471,497.6276,-0.053509
54504,10.906029,754,1076.7347,-0.299735
54604,10.907862,451,486.0052,-0.072026
54704,10.909692,431,444.8914,-0.031224
54804,10.911518,736,1081.5723,-0.319509
54904,10.913341,378,406.1939,-0.06941
55004,10.915161,361,406.7981,-0.112582
55104,10.916978,916,1340.9348,-0.316894
55204,10.918791,377,408.0059,-0.075994
55304,10.920601,389,408.6095,-0.047991
55404,10.922407,777,1159.0019,-0.329596
55504,10.92421,363,409.8162,-0.114237
55604,10.92601,363,410.4193,-0.115539
55704,10.927807,833,1230.145,-0.322844
55804,10.929601,463,508.0628,-0.088695
55904,10.931391,366,412.2275,-0.112141
56004,10.933178,837,1209.358,-0.307897
56104,10.934962,388,413.4321,-0.061515
56204,10.936743,379,414.0341,-0.084617
56304,10.938521,827,1184.0342,-0.30154
56404,10.940295,378,415.2377,-0.089678
56504,10.942067,469,513.2644,-0.086241
56604,10.943835,791,1110.5081,-0.287713
56704,10.9456,373,417.0417,-0.105605
56804,10.947362,425,468.7348,-0.093304
56904,10.949121,770,1115.3161,-0.309613
57004,10.950877,379,418.8442,-0.095129
57104,10.952629,394,419.4447,-0.060663
57204,10.954379,935,1382.5481,-0.323712
57304,10.956126,455,490.7914,-0.072926
57404,10.957869,395,421.2451,-0.062304
57504,10.95961,765,1124.9198,-0.319952
57604,10.961347,403,422.4446,-0.046029
57704,10.963082,392,423.044,-0.073382
57804,10.964813,778,1129.7155,-0.311331
57904,10.966542,547,587.6952,-0.069245
58004,10.968267,412,454.9413,-0.094389
58104,10.96999,787,1134.5072,-0.306307
58204,10.971709,403,426.0388,-0.054077
58304,10.973426,380,426.6373,-0.109314
58404,10.97514,822,1139.2949,-0.278501
58504,10.97685,398,427.8337,-0.069732
58604,10.978558,552,580.9146,-0.049774
58704,10.980263,796,1144.0786,-0.304244
58804,10.981965,416,429.6271,-0.031718
58904,10.983664,393,430.2246,-0.086524
59004,10.985361,895,1289.4034,-0.305881
59104,10.987054,401,431.419,-0.070509
59204,10.988744,430,458.8449,-0.062864
59304,10.990432,950,1423.9143,-0.332825
59404,10.992117,399,433.2095,-0.078968
59504,10.993799,400,433.806,-0.077929
59604,10.995478,778,1158.4062,-0.328388
59704,10.997154,431,465.818,-0.074746
59804,10.998828,403,435.5945,-0.074828
59904,11.000499,865,1277.7909,-0.32305
60004,11.002167,501,539.1187,-0.070706
60104,11.003832,437,490.8884,-0.109777
60204,11.005494,831,1167.9384,-0.28849
60304,11.007154,408,438.5721,-0.069708
60404,11.008811,402,439.1671,-0.084631
60504,11.010465,811,1172.6988,-0.308433
60604,11.012116,428,440.3568,-0.028061
60704,11.013765,473,544.2599,-0.13093
60804,11.015411,800,1177.4553,-0.320569
60904,11.017054,421,442.14,-0.047813
61004,11.018695,416,442.7341,-0.060384
61104,11.020333,868,1255.6251,-0.308711
61204,11.021968,502,547.3231,-0.082809
61304,11.0236,386,444.5154,-0.131639
61404,11.02523,1056,1568.842,-0.326892
61504,11.026857,423,445.7022,-0.050936
61604,11.028482,401,446.2954,-0.101492
61704,11.030104,814,1191.7023,-0.316944
61804,11.031723,427,447.4812,-0.04577
61904,11.03334,414,448.0739,-0.076045
62004,11.034954,811,1196.4438,-0.322158
62104,11.036566,497,554.5137,-0.103719
62204,11.038175,417,449.8511,-0.073027
62304,11.039781,940,1348.1276,-0.302737
62404,11.041385,420,451.0351,-0.068809
62504,11.042986,451,496.1291,-0.090963
62604,11.044584,864,1205.9158,-0.283532
62704,11.046181,399,452.8099,-0.118836
62804,11.047774,506,559.6267,-0.095826
62904,11.049365,828,1210.6464,-0.316068
63004,11.050953,442,482.8138,-0.084533
63104,11.052539,463,487.4232,-0.050107
63204,11.054123,887,1215.3732,-0.270183
63304,11.055704,443,456.3555,-0.029266
63404,11.057282,495,512.8462,-0.034798
63504,11.058858,1023,1505.9477,-0.320694
63604,11.060432,418,458.1263,-0.087588
63704,11.062003,427,458.7163,-0.069141
63804,11.063571,928,1345.5069,-0.310297
63904,11.065137,429,459.8957,-0.06718
64004,11.066701,431,460.4852,-0.064031
64104,11.068262,841,1229.5323,-0.316
64204,11.069821,495,569.8251,-0.131312
64304,11.071377,420,462.2529,-0.091406
64404,11.072931,843,1234.2449,-0.316991
64504,11.074483,472,520.1241,-0.092524
64604,11.076032,442,464.0192,-0.047453
64704,11.077578,845,1238.9539,-0.317973
64804,11.079123,457,498.155,-0.082615
64904,11.080665,559,610.6137,-0.084528
65004,11.082204,837,1243.6594,-0.326986
65104,11.083741,468,512.9734,-0.087672
65204,11.085276,440,467.5479,-0.05892
65304,11.086809,877,1248.3615,-0.297479
65404,11.088339,437,468.723,-0.06768
65504,11.089866,462,469.3104,-0.015577
65604,11.091392,1177,1735.8408,-0.321942
65704,11.092915,440,470.4846,-0.064794
65804,11.094436,422,471.0715,-0.10417
65904,11.095954,857,1257.7552,-0.318627
66004,11.097471,461,472.2448,-0.023811
66104,11.098985,436,472.8313,-0.077895
66204,11.100496,864,1262.4469,-0.315615
66304,11.102006,541,585.0561,-0.075302
66404,11.103513,475,521.3549,-0.088912
66504,11.105017,945,1356.9113,-0.303565
66604,11.10652,440,475.7615,-0.075167
66704,11.10802,482,534.6207,-0.098426
66804,11.109518,929,1350.8022,-0.312261
66904,11.111014,437,477.5179,-0.084851
67004,11.112508,528,590.1158,-0.10526
67104,11.113999,879,1276.5017,-0.311399
67204,11.115488,460,479.273,-0.040213
67304,11.116975,464,479.8578,-0.033047
67404,11.11846,923,1281.1799,-0.27957
67504,11.119942,434,481.0269,-0.097764
67604,11.121422,446,481.6113,-0.073942
67704,11.122901,1166,1743.5027,-0.331231
67804,11.124376,517,541.8402,-0.045844
67904,11.12585,440,483.3635,-0.089712
68004,11.127322,880,1290.5262,-0.318108
68104,11.128791,439,484.531,-0.093969
68204,11.130258,480,519.4847,-0.076008
68304,11.131724,893,1295.1945,-0.310528
68404,11.133187,538,600.2099,-0.103647
68504,11.134647,441,486.8643,-0.094203
68604,11.136106,876,1299.8595,-0.326081
68704,11.137563,477,518.3376,-0.07975
68804,11.139017,445,488.6129,-0.089259
68904,11.14047,1015,1464.109,-0.306746
69004,11.14192,490,538.0395,-0.089286
69104,11.143368,534,605.2446,-0.117712
69204,11.144814,916,1309.1796,-0.300325
69304,11.146258,440,491.5244,-0.104826
69404,11.1477,449,492.1063,-0.087595
69504,11.14914,918,1313.8348,-0.301282
69604,11.150577,448,493.2697,-0.091775
69704,11.152013,438,493.8512,-0.113093
69804,11.153447,1073,1627.3895,-0.340662
69904,11.154878,486,530.0854,-0.083167
70004,11.156308,538,556.2232,-0.032762
70104,11.157735,946,1323.1357,-0.285032
70204,11.159161,459,496.7567,-0.076006
70304,11.160584,491,546.344,-0.101299
70404,11.162005,917,1327.7813,-0.309374
70504,11.163425,553,615.2895,-0.101236
70604,11.164842,471,530.0724,-0.111442
70704,11.166257,898,1332.4238,-0.32604
70804,11.167671,481,500.239,-0.03846
70904,11.169082,456,500.8189,-0.089491
71004,11.170491,945,1337.0632,-0.293227
71104,11.171899,506,563.3876,-0.101862
71204,11.173304,539,620.3,-0.131066
71304,11.174708,919,1341.6994,-0.315048
71404,11.176109,459,503.7165,-0.088773
71504,11.177509,471,504.2957,-0.066024
71604,11.178906,1061,1583.7837,-0.330085
71704,11.180302,464,505.4536,-0.082013
71804,11.181695,481,506.0323,-0.049468
71904,11.183087,1133,1667.4738,-0.320529
72004,11.184477,471,507.1895,-0.071353
72104,11.185865,437,507.7678,-0.13937
72204,11.187251,1043,1521.4248,-0.314458
72304,11.188635,475,508.9242,-0.066659
72404,11.190017,488,509.5022,-0.042202
72504,11.191397,1027,1444.6848,-0.289118
72604,11.192775,547,630.2976,-0.132156
72704,11.194152,477,511.2354,-0.066966
72804,11.195526,918,1364.8342,-0.327391
72904,11.196899,522,562.88,-0.072626
73004,11.19827,455,512.9674,-0.113004
73104,11.199638,915,1369.452,-0.33185
73204,11.201005,481,514.1215,-0.064423
73304,11.20237,676,763.518,-0.114625
73404,11.203734,931,1374.0668,-0.322449
73504,11.205095,488,515.8517,-0.053992
73604,11.206455,460,516.4281,-0.109266
73704,11.207812,988,1378.6786,-0.283372
73804,11.209168,490,517.5807,-0.053288
73904,11.210522,479,518.1568,-0.075569
74004,11.211874,1115,1707.3719,-0.34695
74104,11.213225,487,519.3086,-0.062215
74204,11.214573,525,571.1126,-0.080742
74304,11.21592,959,1387.8932,-0.309025
74404,11.217265,566,621.0916,-0.088701
74504,11.218608,494,521.6108,-0.052934
74604,11.219949,961,1392.4961,-0.309872
74704,11.221289,619,645.2366,-0.040662
74804,11.222627,483,523.3362,-0.077075
74904,11.223963,959,1397.0961,-0.313576
75004,11.225297,516,561.6454,-0.081271
75104,11.226629,486,525.0604,-0.074392
75204,11.22796,949,1401.6931,-0.322962
75304,11.229289,466,526.2093,-0.114421
75404,11.230616,567,650.2014,-0.127963
75504,11.231941,1151,1733.8492,-0.336159
75604,11.233264,483,527.9317,-0.085109
75704,11.234586,465,528.5056,-0.120161
75804,11.235906,964,1410.8784,-0.316738
75904,11.237225,474,529.6531,-0.105075
76004,11.238541,475,530.2266,-0.104157
76104,11.239856,1169,1747.0903,-0.330887
76204,11.241169,490,531.3733,-0.077861
76304,11.242481,503,564.9812,-0.109705
76404,11.24379,952,1420.0522,-0.329602
76504,11.245098,512,533.0925,-0.039566
76604,11.246405,541,598.951,-0.096754
76704,11.247709,1061,1525.5697,-0.304522
76804,11.249012,636,725.1548,-0.122946
76904,11.250313,507,535.3831,-0.053015
77004,11.251613,1060,1429.2145,-0.258334
77104,11.25291,519,536.5277,-0.032669
77204,11.254207,484,537.0998,-0.098864
77304,11.255501,966,1433.7914,-0.326262
77404,11.256794,497,538.2437,-0.076626
77504,11.258085,589,665.0522,-0.114355
77604,11.259374,1032,1438.3656,-0.282519
77704,11.260662,568,606.0142,-0.062728
77804,11.261948,497,540.53,-0.080532
77904,11.263233,980,1442.9369,-0.32083
78004,11.264515,501,541.6725,-0.075087
78104,11.265797,537,595.6751,-0.098502
78204,11.267076,1262,1897.5882,-0.334945
78304,11.268354,504,543.3854,-0.072481
78404,11.26963,520,582.4952,-0.107289
78504,11.270905,996,1452.0712,-0.314083
78604,11.272178,514,545.0972,-0.057049
78704,11.273449,491,545.6675,-0.100185
78804,11.274719,1112,1634.8307,-0.319807
78904,11.275987,609,674.9172,-0.097667
79004,11.277254,482,547.378,-0.119438
79104,11.278519,1009,1461.1944,-0.309469
79204,11.279782,496,548.5177,-0.095745
79304,11.281044,520,549.0874,-0.052974
79404,11.282304,1074,1610.1839,-0.332995
79504,11.283563,512,550.2264,-0.069474
79604,11.28482,602,679.8393,-0.114497
79704,11.286075,1038,1470.3067,-0.294025
79804,11.287329,517,551.9341,-0.063294
79904,11.288581,531,620.0933,-0.143677
80004,11.289832,1051,1474.8587,-0.287389
80104,11.291081,601,629.684,-0.045553
80204,11.292329,500,554.2095,-0.097814
80304,11.293575,1213,1826.0123,-0.335711
80404,11.294819,522,555.3465,-0.060046
80504,11.296062,524,555.9148,-0.05741
80604,11.297304,1002,1483.9548,-0.324777
80704,11.298543,574,611.9418,-0.062002
80804,11.299782,515,557.6192,-0.076431
80904,11.301019,1017,1488.4988,-0.316761
81004,11.302254,677,774.0327,-0.12536
81104,11.303488,542,559.3225,-0.030971
81204,11.30472,1063,1493.0402,-0.28803
81304,11.30595,520,560.4575,-0.072187
81404,11.30718,550,561.0249,-0.019651
81504,11.308407,1028,1497.5789,-0.313559
81604,11.309634,549,562.1592,-0.023408
81704,11.310858,611,694.5649,-0.120313
81804,11.312081,1105,1608.5393,-0.313041
81904,11.313303,530,563.8599,-0.06005
82004,11.314523,608,658.5497,-0.076759
82104,11.315742,1156,1690.9634,-0.316366
82204,11.316959,516,565.5596,-0.087629
82304,11.318175,522,566.126,-0.077944
82404,11.319389,1238,1865.227,-0.336274
82504,11.320602,510,567.2584,-0.100939
82604,11.321813,529,567.8244,-0.068374
82704,11.323023,1020,1515.7075,-0.327047
82804,11.324232,539,568.9561,-0.052651
82904,11.325439,512,569.5218,-0.101
83004,11.326644,1024,1520.2331,-0.326419
83104,11.327848,644,704.3487,-0.08568
83204,11.329051,616,641.098,-0.039148
83304,11.330252,1171,1675.0024,-0.300897
83404,11.331452,541,572.3487,-0.054772
83504,11.33265,547,613.5046,-0.108401
83604,11.333847,1013,1529.2767,-0.337595
83704,11.335042,531,574.0436,-0.074983
83804,11.336236,651,709.2309,-0.082104
83904,11.337429,1152,1629.0458,-0.292838
84004,11.33862,519,575.7375,-0.098548
84104,11.339809,528,576.3019,-0.083814
84204,11.340998,1063,1538.31,-0.308982
84304,11.342185,593,648.0701,-0.084976
84404,11.34337,538,577.9946,-0.069195
84504,11.344554,1273,1904.2843,-0.331507
84604,11.345737,575,636.188,-0.096179
84704,11.346918,530,579.6863,-0.085712
84804,11.348098,1089,1547.3333,-0.296208
84904,11.349276,527,580.8136,-0.092652
85004,11.350454,528,581.377,-0.091811
85104,11.351629,1069,1551.8411,-0.311141
85204,11.352804,684,769.9152,-0.11159
85304,11.353977,527,583.0669,-0.096159
85404,11.355148,1189,1746.7412,-0.319304
85504,11.356318,550,584.1929,-0.05853
85604,11.357487,548,584.7557,-0.062857
85704,11.358655,1078,1560.8493,-0.30935
85804,11.359821,569,622.2653,-0.085599
85904,11.360986,717,795.1646,-0.0983
86004,11.362149,1058,1565.3497,-0.324113
86104,11.363311,540,587.5685,-0.080958
86204,11.364472,550,588.1307,-0.064834
86304,11.365631,1142,1569.8476,-0.272541
86404,11.366789,536,589.2549,-0.090377
86504,11.367946,590,661.9717,-0.108723
86604,11.369101,1285,1943.1891,-0.338716
86704,11.370255,549,590.9404,-0.070972
86804,11.371408,535,591.502,-0.095523
86904,11.372559,1156,1690.696,-0.316258
87004,11.373709,546,592.6249,-0.078675
87104,11.374858,536,593.1862,-0.096405
87204,11.376005,1212,1739.3441,-0.303186
87304,11.377152,663,733.5466,-0.096172
87404,11.378296,532,594.8696,-0.105686
87504,11.37944,1093,1587.8147,-0.311633
87604,11.380582,616,668.9016,-0.079087
87704,11.381723,585,633.5989,-0.076703
87804,11.382862,1066,1592.3004,-0.330528
87904,11.384001,587,597.6732,-0.017858
88004,11.385138,651,738.3912,-0.118353
88104,11.386273,1108,1596.7838,-0.306105
88204,11.387408,539,599.3541,-0.100699
88304,11.388541,551,599.9142,-0.081535
88404,11.389672,1105,1601.2647,-0.30992
88504,11.390803,636,660.2588,-0.036741
88604,11.391932,580,644.2167,-0.099682
88704,11.39306,1445,2224.4062,-0.350388
88804,11.394187,549,602.7133,-0.089119
88904,11.395312,572,603.2728,-0.051839
89004,11.396437,1107,1610.2194,-0.312516
89104,11.39756,557,604.3916,-0.078412
89204,11.398681,545,604.9508,-0.0991
89304,11.399802,1098,1614.6932,-0.319995
89404,11.400921,687,748.0623,-0.081627
89504,11.402039,549,606.6279,-0.094997
89604,11.403155,1186,1719.7174,-0.310352
89704,11.404271,544,607.7455,-0.104888
89804,11.405385,678,749.9945,-0.095993
89904,11.406498,1123,1623.6337,-0.308342
90004,11.407609,542,609.4211,-0.110631
90104,11.40872,664,752.8889,-0.118064
90204,11.409829,1114,1628.1005,-0.315767
90304,11.410937,603,654.3918,-0.078534
90404,11.412044,547,611.6539,-0.105703
90504,11.413149,1109,1632.5649,-0.320701
90604,11.414254,570,612.7697,-0.069797
90704,11.415357,549,613.3275,-0.104883
90804,11.416459,1411,2020.5591,-0.301678
90904,11.417559,620,689.6102,-0.100941
91004,11.418659,554,615.0002,-0.099187
91104,11.419757,1248,1803.2354,-0.307911
91204,11.420854,568,616.1148,-0.078094
91304,11.42195,560,616.672,-0.0919
91404,11.423045,1121,1645.9443,-0.318932
91504,11.424138,736,809.8786,-0.091222
91604,11.42523,559,618.343,-0.095971
91704,11.426321,1124,1650.3996,-0.318953
91804,11.427411,594,619.4565,-0.041095
91904,11.4285,567,620.0132,-0.085503
92004,11.429587,1381,1988.8869,-0.305642
92104,11.430674,602,621.1261,-0.030793
92204,11.431759,692,767.3338,-0.098176
92304,11.432843,1130,1659.3032,-0.318991
92404,11.433926,602,684.1637,-0.120094
92504,11.435007,580,623.3509,-0.069545
92604,11.436088,1128,1663.7516,-0.322014
92704,11.437167,568,624.4627,-0.090418
92804,11.438245,576,625.0185,-0.078427
92904,11.439322,1381,2059.0326,-0.329297
93004,11.440398,564,626.1297,-0.099228
93104,11.441472,658,703.3504,-0.064478
93204,11.442546,1157,1672.6416,-0.30828
93304,11.443618,601,627.7959,-0.042683
93404,11.444689,593,667.3727,-0.111441
93504,11.445759,1136,1677.0833,-0.322634
93604,11.446828,700,776.935,-0.099024
93704,11.447896,667,741.1314,-0.100025
93804,11.448963,1162,1681.5228,-0.30896
93904,11.450028,584,631.1258,-0.074669
94004,11.451093,575,631.6804,-0.08973
94104,11.452156,1146,1685.96,-0.320269
94204,11.453218,659,710.2014,-0.072094
94304,11.454279,701,781.7273,-0.103268
94404,11.455339,1153,1690.395,-0.317911
94504,11.456397,573,634.4523,-0.096859
94604,11.457455,572,635.0064,-0.099222
94704,11.458512,1185,1694.8278,-0.300814
94804,11.459567,551,636.1144,-0.133804
94904,11.460621,576,636.6682,-0.09529
95004,11.461674,1601,2304.0408,-0.305134
95104,11.462726,591,637.7756,-0.073342
95204,11.463777,587,638.3291,-0.080412
95304,11.464827,1354,2030.8515,-0.333285
95404,11.465876,665,684.7398,-0.028828
95504,11.466923,594,639.9893,-0.071859
95604,11.46797,1228,1708.1132,-0.281078
95704,11.469015,703,791.2951,-0.111583
95804,11.47006,619,641.6486,-0.035297
95904,11.471103,1229,1712.5373,-0.282351
96004,11.472145,582,642.7543,-0.094522
96104,11.473186,631,643.3071,-0.019131
96204,11.474226,1179,1716.9593,-0.313321
96304,11.475265,635,707.9113,-0.102995
96404,11.476303,778,893.4577,-0.129226
96504,11.47734,1212,1721.3791,-0.295913
96604,11.478375,595,646.0695,-0.079046
96704,11.47941,584,646.6217,-0.096844
96804,11.480444,1191,1725.7967,-0.309884
96904,11.481476,604,647.7258,-0.067507
97004,11.482507,573,648.2777,-0.11612
97104,11.483538,1494,2286.8812,-0.346709
97204,11.484567,617,689.709,-0.10542
97304,11.485595,602,649.933,-0.073751
97404,11.486623,1175,1734.6257,-0.32262
97504,11.487649,644,730.6803,-0.11863
97604,11.488674,641,715.7936,-0.10449
97704,11.489698,1276,1739.037,-0.266261
97804,11.490721,732,805.6061,-0.091367
97904,11.491743,626,653.2412,-0.041702
98004,11.492764,1181,1743.4461,-0.322606
98104,11.493783,580,654.3433,-0.113615
98204,11.494802,599,654.8942,-0.085348
98304,11.49582,1185,1747.8532,-0.322025
98404,11.496837,614,655.9957,-0.064018
98504,11.497852,701,810.3657,-0.134958
98604,11.498867,1355,1966.6198,-0.311001
98704,11.499881,628,657.6473,-0.045081
98804,11.500893,660,704.8307,-0.063605
98904,11.501905,1325,1929.7587,-0.313386
99004,11.502916,632,659.2981,-0.041405
99104,11.503925,627,700.8259,-0.105341
99204,11.504934,1439,2173.6536,-0.337981
99304,11.505941,605,660.9482,-0.084648
99404,11.506948,580,661.498,-0.123202
99504,11.507953,1209,1765.4607,-0.315193
99604,11.508958,637,662.5974,-0.038632
99704,11.509961,693,744.2727,-0.06889
99804,11.510964,1216,1769.8574,-0.312939
99904,11.511965,731,819.8693,-0.108394
